4.999786e+002,1.042352e+001
5.009428e+002,8.912121e+000
5.019070e+002,6.531521e+000
5.028713e+002,3.473501e+000
5.038355e+002,1.312925e+000
5.047997e+002,4.728394e-001
5.057640e+002,0.000000e+000
5.067282e+002,6.005802e-001
5.076924e+002,2.501961e+000
5.086567e+002,4.760977e+000
5.096209e+002,6.997670e+000
5.105851e+002,8.822818e+000
5.115494e+002,1.031558e+001
5.125136e+002,1.164221e+001
5.134778e+002,1.297286e+001
5.144421e+002,1.441295e+001
5.154063e+002,1.606495e+001
5.163705e+002,1.809196e+001
5.173348e+002,2.119333e+001
5.182990e+002,2.586345e+001
5.192632e+002,3.129807e+001
5.202275e+002,3.613029e+001
5.211917e+002,3.944401e+001
5.221559e+002,4.121546e+001
5.231202e+002,4.156135e+001
5.240844e+002,4.045657e+001
5.250486e+002,3.814490e+001
5.260129e+002,3.487654e+001
5.269771e+002,3.111144e+001
5.279413e+002,2.735653e+001
5.289056e+002,2.409613e+001
5.298698e+002,2.175272e+001
5.308340e+002,2.053250e+001
5.317983e+002,2.026505e+001
5.327625e+002,2.039933e+001
5.337267e+002,2.053564e+001
5.346910e+002,2.108107e+001
5.356552e+002,2.270923e+001
5.366194e+002,2.503770e+001
5.375837e+002,2.726714e+001
5.385479e+002,2.886787e+001
5.395121e+002,2.966457e+001
5.404764e+002,2.964281e+001
5.414406e+002,2.889878e+001
5.424048e+002,2.776271e+001
5.433691e+002,2.658496e+001
5.443333e+002,2.548339e+001
5.452975e+002,2.442569e+001
5.462618e+002,2.338628e+001
5.472260e+002,2.296618e+001
5.481902e+002,2.405813e+001
5.491545e+002,2.623773e+001
5.501187e+002,2.832273e+001
5.510829e+002,2.959023e+001
5.520472e+002,2.999853e+001
5.530114e+002,2.979561e+001
5.539756e+002,2.919307e+001
5.549399e+002,2.843917e+001
5.559041e+002,2.777262e+001
5.568683e+002,2.726145e+001
5.578326e+002,2.679263e+001
5.587968e+002,2.640754e+001
5.597610e+002,2.738364e+001
5.607253e+002,3.105129e+001
5.616895e+002,3.745743e+001
5.626537e+002,4.544688e+001
5.636180e+002,5.415216e+001
5.645822e+002,6.350064e+001
5.655464e+002,7.356738e+001
5.665107e+002,8.405753e+001
5.674749e+002,9.444147e+001
5.684391e+002,1.041082e+002
5.694034e+002,1.123265e+002
5.703676e+002,1.183627e+002
5.713318e+002,1.217043e+002
5.722961e+002,1.222707e+002
5.732603e+002,1.208723e+002
5.742245e+002,1.175083e+002
5.751888e+002,1.117585e+002
5.761530e+002,1.034921e+002
5.771172e+002,9.336955e+001
5.780815e+002,8.244037e+001
5.790457e+002,7.142502e+001
5.800099e+002,6.082111e+001
5.809742e+002,5.107316e+001
5.819384e+002,4.265296e+001
5.829026e+002,3.592805e+001
5.838669e+002,3.106029e+001
5.848311e+002,2.791984e+001
5.857953e+002,2.610667e+001
5.867596e+002,2.537447e+001
5.877238e+002,2.544544e+001
5.886880e+002,2.615556e+001
5.896523e+002,2.667931e+001
5.906165e+002,2.647516e+001
5.915807e+002,2.552350e+001
5.925450e+002,2.408761e+001
5.935092e+002,2.243024e+001
5.944734e+002,2.073262e+001
5.954377e+002,1.917972e+001
5.964019e+002,1.797538e+001
5.973661e+002,1.733668e+001
5.983304e+002,1.736885e+001
5.992946e+002,1.787426e+001
6.002589e+002,1.841792e+001
6.012231e+002,1.870739e+001
6.021873e+002,1.890478e+001
6.031516e+002,1.860501e+001
6.041158e+002,1.793272e+001
6.050800e+002,1.740672e+001
6.060443e+002,1.739062e+001
6.070085e+002,1.787661e+001
6.079727e+002,1.878649e+001
6.089370e+002,2.005599e+001
6.099012e+002,2.170806e+001
6.108654e+002,2.376131e+001
6.118297e+002,2.608542e+001
6.127939e+002,2.836741e+001
6.137581e+002,3.041113e+001
6.147224e+002,3.255767e+001
6.156866e+002,3.546684e+001
6.166508e+002,3.918502e+001
6.176151e+002,4.351804e+001
6.185793e+002,4.840354e+001
6.195435e+002,5.372742e+001
6.205078e+002,5.897012e+001
6.214720e+002,6.501889e+001
6.224362e+002,7.293855e+001
6.234005e+002,8.330798e+001
6.243647e+002,9.610254e+001
6.253289e+002,1.111620e+002
6.262932e+002,1.275632e+002
6.272574e+002,1.439196e+002
6.282216e+002,1.589730e+002
6.291859e+002,1.716990e+002
6.301501e+002,1.812526e+002
6.311143e+002,1.869481e+002
6.320786e+002,1.882500e+002
6.330428e+002,1.849523e+002
6.340070e+002,1.774045e+002
6.349713e+002,1.673886e+002
6.359355e+002,1.562475e+002
6.368997e+002,1.448934e+002
6.378640e+002,1.339070e+002
6.388282e+002,1.238880e+002
6.397924e+002,1.148021e+002
6.407567e+002,1.066651e+002
6.417209e+002,9.991318e+001
6.426851e+002,9.500485e+001
6.436494e+002,9.212172e+001
6.446136e+002,9.105128e+001
6.455778e+002,9.124945e+001
6.465421e+002,9.210576e+001
6.475063e+002,9.290825e+001
6.484705e+002,9.308955e+001
6.494348e+002,9.221593e+001
6.503990e+002,9.013889e+001
6.513632e+002,8.678481e+001
6.523275e+002,8.229257e+001
6.532917e+002,7.692499e+001
6.542559e+002,7.132604e+001
6.552202e+002,6.632928e+001
6.561844e+002,6.216313e+001
6.571486e+002,5.877789e+001
6.581129e+002,5.643461e+001
6.590771e+002,5.573725e+001
6.600413e+002,5.711161e+001
6.610056e+002,6.061321e+001
6.619698e+002,6.598989e+001
6.629340e+002,7.279922e+001
6.638983e+002,8.064699e+001
6.648625e+002,8.906113e+001
6.658267e+002,9.733878e+001
6.667910e+002,1.044108e+002
6.677552e+002,1.096065e+002
6.687194e+002,1.121717e+002
6.696837e+002,1.112556e+002
6.706479e+002,1.067255e+002
6.716121e+002,9.945148e+001
6.725764e+002,9.045540e+001
6.735406e+002,8.108482e+001
6.745048e+002,7.244395e+001
6.754691e+002,6.509012e+001
6.764333e+002,5.917242e+001
6.773975e+002,5.470836e+001
6.783618e+002,5.160919e+001
6.793260e+002,4.936549e+001
6.802902e+002,4.739942e+001
6.812545e+002,4.579034e+001
6.822187e+002,4.450852e+001
6.831829e+002,4.329179e+001
6.841472e+002,4.164363e+001
6.851114e+002,3.938718e+001
6.860756e+002,3.672169e+001
6.870399e+002,3.440931e+001
6.880041e+002,3.267248e+001
6.889683e+002,3.116391e+001
6.899326e+002,2.938424e+001
6.908968e+002,2.747989e+001
6.918610e+002,2.581922e+001
6.928253e+002,2.441587e+001
6.937895e+002,2.327074e+001
6.947537e+002,2.246100e+001
6.957180e+002,2.214353e+001
6.966822e+002,2.226821e+001
6.976464e+002,2.231703e+001
6.986107e+002,2.189055e+001
6.995749e+002,2.092841e+001
7.005391e+002,1.958600e+001
7.015034e+002,1.817357e+001
7.024676e+002,1.691789e+001
7.034318e+002,1.602011e+001
7.043961e+002,1.589796e+001
7.053603e+002,1.648306e+001
7.063245e+002,1.727813e+001
7.072888e+002,1.792447e+001
7.082530e+002,1.855015e+001
7.092172e+002,1.954421e+001
7.101815e+002,2.097675e+001
7.111457e+002,2.241009e+001
7.121099e+002,2.341421e+001
7.130742e+002,2.378581e+001
7.140384e+002,2.354185e+001
7.150026e+002,2.314488e+001
7.159669e+002,2.304772e+001
7.169311e+002,2.342064e+001
7.178953e+002,2.406429e+001
7.188596e+002,2.452600e+001
7.198238e+002,2.472082e+001
7.207880e+002,2.504464e+001
7.217523e+002,2.574427e+001
7.227165e+002,2.641636e+001
7.236807e+002,2.652910e+001
7.246450e+002,2.589392e+001
7.256092e+002,2.480011e+001
7.265734e+002,2.338704e+001
7.275377e+002,2.171048e+001
7.285019e+002,2.018956e+001
7.294661e+002,1.911563e+001
7.304304e+002,1.853326e+001
7.313946e+002,1.835377e+001
7.323588e+002,1.842711e+001
7.333231e+002,1.891366e+001
7.342873e+002,2.005258e+001
7.352515e+002,2.163774e+001
7.362158e+002,2.325971e+001
7.371800e+002,2.442990e+001
7.381442e+002,2.500612e+001
7.391085e+002,2.538299e+001
7.400727e+002,2.579767e+001
7.410369e+002,2.628444e+001
7.420012e+002,2.683871e+001
7.429654e+002,2.741823e+001
7.439296e+002,2.816910e+001
7.448939e+002,2.944259e+001
7.458581e+002,3.132971e+001
7.468223e+002,3.354358e+001
7.477866e+002,3.556728e+001
7.487508e+002,3.703850e+001
7.497150e+002,3.882187e+001
7.506793e+002,4.129279e+001
7.516435e+002,4.394333e+001
7.526077e+002,4.622547e+001
7.535720e+002,4.787666e+001
7.545362e+002,4.938731e+001
7.555004e+002,5.100254e+001
7.564647e+002,5.284959e+001
7.574290e+002,5.530316e+001
7.583932e+002,5.862385e+001
7.593574e+002,6.236177e+001
7.603217e+002,6.590700e+001
7.612859e+002,6.865936e+001
7.622501e+002,7.101312e+001
7.632144e+002,7.416328e+001
7.641786e+002,7.801903e+001
7.651428e+002,8.196867e+001
7.661071e+002,8.632285e+001
7.670713e+002,9.227827e+001
7.680355e+002,1.021913e+002
7.689998e+002,1.189575e+002
7.699640e+002,1.452529e+002
7.709282e+002,1.820417e+002
7.718925e+002,2.277873e+002
7.728567e+002,2.814050e+002
7.738209e+002,3.456138e+002
7.747852e+002,4.205885e+002
7.757494e+002,5.102038e+002
7.767136e+002,6.210326e+002
7.776779e+002,7.562708e+002
7.786421e+002,9.026111e+002
7.796063e+002,1.049708e+003
7.805706e+002,1.180899e+003
7.815348e+002,1.279463e+003
7.824990e+002,1.334137e+003
7.834633e+002,1.341535e+003
7.844275e+002,1.300783e+003
7.853917e+002,1.213724e+003
7.863560e+002,1.087981e+003
7.873202e+002,9.366200e+002
7.882844e+002,7.734221e+002
7.892487e+002,6.172025e+002
7.902129e+002,4.844941e+002
7.911771e+002,3.816163e+002
7.921414e+002,3.020974e+002
7.931056e+002,2.450677e+002
7.940698e+002,2.012540e+002
7.950341e+002,1.640209e+002
7.959983e+002,1.315824e+002
7.969625e+002,1.057041e+002
7.979268e+002,8.604541e+001
7.988910e+002,7.146599e+001
7.998552e+002,6.065036e+001
8.008195e+002,5.228570e+001
8.017837e+002,4.551691e+001
8.027479e+002,3.999003e+001
8.037122e+002,3.584732e+001
8.046764e+002,3.299932e+001
8.056406e+002,3.100179e+001
8.066049e+002,2.941090e+001
8.075691e+002,2.820453e+001
8.085333e+002,2.728235e+001
8.094976e+002,2.636024e+001
8.104618e+002,2.547066e+001
8.114260e+002,2.497939e+001
8.123903e+002,2.508365e+001
8.133545e+002,2.557121e+001
8.143187e+002,2.609243e+001
8.152830e+002,2.673432e+001
8.162472e+002,2.781437e+001
8.172114e+002,2.920758e+001
8.181757e+002,3.045463e+001
8.191399e+002,3.153000e+001
8.201041e+002,3.290049e+001
8.210684e+002,3.504887e+001
8.220326e+002,3.771635e+001
8.229968e+002,4.029489e+001
8.239611e+002,4.262253e+001
8.249253e+002,4.499638e+001
8.258895e+002,4.778562e+001
8.268538e+002,5.118408e+001
8.278180e+002,5.520851e+001
8.287822e+002,5.980251e+001
8.297465e+002,6.488459e+001
8.307107e+002,7.014122e+001
8.316749e+002,7.468054e+001
8.326392e+002,7.811693e+001
8.336034e+002,8.035985e+001
8.345676e+002,8.122502e+001
8.355319e+002,8.047463e+001
8.364961e+002,7.804648e+001
8.374603e+002,7.435765e+001
8.384246e+002,7.016026e+001
8.393888e+002,6.615619e+001
8.403530e+002,6.296115e+001
8.413173e+002,6.080626e+001
8.422815e+002,5.983506e+001
8.432457e+002,6.009903e+001
8.442100e+002,6.119148e+001
8.451742e+002,6.224873e+001
8.461384e+002,6.291674e+001
8.471027e+002,6.320215e+001
8.480669e+002,6.321693e+001
8.490311e+002,6.287997e+001
8.499954e+002,6.209867e+001
8.509596e+002,6.104662e+001
8.519238e+002,6.019074e+001
8.528881e+002,5.948499e+001
8.538523e+002,5.850372e+001
8.548165e+002,5.710951e+001
8.557808e+002,5.571440e+001
8.567450e+002,5.473157e+001
8.577092e+002,5.400467e+001
8.586735e+002,5.303489e+001
8.596377e+002,5.166992e+001
8.606019e+002,5.019077e+001
8.615662e+002,4.889607e+001
8.625304e+002,4.784328e+001
8.634946e+002,4.709386e+001
8.644589e+002,4.671460e+001
8.654231e+002,4.664233e+001
8.663873e+002,4.661311e+001
8.673516e+002,4.658729e+001
8.683158e+002,4.720509e+001
8.692800e+002,4.920239e+001
8.702443e+002,5.264985e+001
8.712085e+002,5.762000e+001
8.721727e+002,6.538251e+001
8.731370e+002,7.759717e+001
8.741012e+002,9.610289e+001
8.750654e+002,1.228948e+002
8.760297e+002,1.584893e+002
8.769939e+002,2.024803e+002
8.779581e+002,2.533202e+002
8.789224e+002,3.089594e+002
8.798866e+002,3.670485e+002
8.808508e+002,4.251535e+002
8.818151e+002,4.768715e+002
8.827793e+002,5.172933e+002
8.837435e+002,5.422850e+002
8.847078e+002,5.498295e+002
8.856720e+002,5.402458e+002
8.866362e+002,5.150225e+002
8.876005e+002,4.773563e+002
8.885647e+002,4.315844e+002
8.895289e+002,3.814465e+002
8.904932e+002,3.310011e+002
8.914574e+002,2.842379e+002
8.924216e+002,2.436208e+002
8.933859e+002,2.146501e+002
8.943501e+002,2.012995e+002
8.953143e+002,2.003754e+002
8.962786e+002,2.081194e+002
8.972428e+002,2.198661e+002
8.982070e+002,2.319545e+002
8.991713e+002,2.416006e+002
9.001355e+002,2.465077e+002
9.010997e+002,2.450256e+002
9.020640e+002,2.363311e+002
9.030282e+002,2.204223e+002
9.039924e+002,1.981529e+002
9.049567e+002,1.713852e+002
9.059209e+002,1.427236e+002
9.068851e+002,1.181420e+002
9.078494e+002,1.001472e+002
9.088136e+002,8.707056e+001
9.097778e+002,7.713210e+001
9.107421e+002,7.025755e+001
9.117063e+002,6.637791e+001
9.126705e+002,6.470403e+001
9.136348e+002,6.417921e+001
9.145990e+002,6.392940e+001
9.155632e+002,6.335881e+001
9.165275e+002,6.207334e+001
9.174917e+002,5.981610e+001
9.184559e+002,5.664733e+001
9.194202e+002,5.269067e+001
9.203844e+002,4.797276e+001
9.213486e+002,4.270216e+001
9.223129e+002,3.752980e+001
9.232771e+002,3.345908e+001
9.242413e+002,3.095228e+001
9.252056e+002,2.947949e+001
9.261698e+002,2.851338e+001
9.271340e+002,2.833517e+001
9.280983e+002,2.913352e+001
9.290625e+002,3.053983e+001
9.300267e+002,3.202954e+001
9.309910e+002,3.326489e+001
9.319552e+002,3.415441e+001
9.329194e+002,3.461950e+001
9.338837e+002,3.464429e+001
9.348479e+002,3.441397e+001
9.358121e+002,3.412190e+001
9.367764e+002,3.354650e+001
9.377406e+002,3.233655e+001
9.387048e+002,3.056708e+001
9.396691e+002,2.871876e+001
9.406333e+002,2.744300e+001
9.415975e+002,2.672217e+001
9.425618e+002,2.616518e+001
9.435260e+002,2.515976e+001
9.444902e+002,2.346569e+001
9.454545e+002,2.146766e+001
9.464187e+002,1.952864e+001
9.473829e+002,1.785846e+001
9.483472e+002,1.645820e+001
9.493114e+002,1.529002e+001
9.502756e+002,1.419148e+001
9.512399e+002,1.311615e+001
9.522041e+002,1.236608e+001
9.531683e+002,1.224730e+001
9.541326e+002,1.299378e+001
9.550968e+002,1.435185e+001
9.560610e+002,1.591345e+001
9.570253e+002,1.705008e+001
9.579895e+002,1.767942e+001
9.589537e+002,1.814841e+001
9.599180e+002,1.868868e+001
9.608822e+002,1.933788e+001
9.618464e+002,1.998690e+001
9.628107e+002,2.061388e+001
9.637749e+002,2.111455e+001
9.647391e+002,2.153349e+001
9.657034e+002,2.199137e+001
9.666676e+002,2.315799e+001
9.676318e+002,2.551661e+001
9.685961e+002,2.861500e+001
9.695603e+002,3.180993e+001
9.705245e+002,3.473678e+001
9.714888e+002,3.689699e+001
9.724530e+002,3.796316e+001
9.734172e+002,3.865443e+001
9.743815e+002,4.007627e+001
9.753457e+002,4.302366e+001
9.763099e+002,4.727166e+001
9.772742e+002,5.176657e+001
9.782384e+002,5.915187e+001
9.792026e+002,7.218914e+001
9.801669e+002,9.234128e+001
9.811311e+002,1.187769e+002
9.820953e+002,1.495029e+002
9.830596e+002,1.816998e+002
9.840238e+002,2.130434e+002
9.849880e+002,2.403555e+002
9.859523e+002,2.608457e+002
9.869165e+002,2.732690e+002
9.878807e+002,2.762074e+002
9.888450e+002,2.684242e+002
9.898092e+002,2.499740e+002
9.907734e+002,2.231316e+002
9.917377e+002,1.937031e+002
9.927019e+002,1.653939e+002
9.936661e+002,1.404533e+002
9.946304e+002,1.197935e+002
9.955946e+002,1.049489e+002
9.965588e+002,9.585706e+001
9.975231e+002,9.157504e+001
9.984873e+002,9.162125e+001
9.994515e+002,9.520673e+001
1.000416e+003,1.000536e+002
1.001380e+003,1.124931e+002
1.002344e+003,1.422891e+002
1.003308e+003,1.958518e+002
1.004273e+003,2.773503e+002
1.005237e+003,3.900109e+002
1.006201e+003,5.215554e+002
1.007165e+003,6.555575e+002
1.008130e+003,7.784533e+002
1.009094e+003,8.820383e+002
1.010058e+003,9.581961e+002
1.011022e+003,1.001948e+003
1.011987e+003,1.012159e+003
1.012951e+003,9.873474e+002
1.013915e+003,9.290461e+002
1.014879e+003,8.501274e+002
1.015844e+003,7.613370e+002
1.016808e+003,6.697308e+002
1.017772e+003,5.837550e+002
1.018736e+003,5.077997e+002
1.019700e+003,4.340635e+002
1.020665e+003,3.606660e+002
1.021629e+003,2.907992e+002
1.022593e+003,2.290000e+002
1.023557e+003,1.775270e+002
1.024522e+003,1.385423e+002
1.025486e+003,1.119027e+002
1.026450e+003,9.420154e+001
1.027414e+003,8.247756e+001
1.028379e+003,7.498714e+001
1.029343e+003,6.901491e+001
1.030307e+003,6.278475e+001
1.031271e+003,5.652538e+001
1.032235e+003,5.087320e+001
1.033200e+003,4.609459e+001
1.034164e+003,4.211399e+001
1.035128e+003,3.858957e+001
1.036092e+003,3.548846e+001
1.037057e+003,3.285644e+001
1.038021e+003,3.054441e+001
1.038985e+003,2.837661e+001
1.039949e+003,2.636826e+001
1.040914e+003,2.517917e+001
1.041878e+003,2.489606e+001
1.042842e+003,2.488214e+001
1.043806e+003,2.504934e+001
1.044771e+003,2.587502e+001
1.045735e+003,2.695988e+001
1.046699e+003,2.693439e+001
1.047663e+003,2.480882e+001
1.048627e+003,2.152144e+001
1.049592e+003,1.799148e+001
1.050556e+003,1.482731e+001
1.051520e+003,1.235511e+001
1.052484e+003,1.067954e+001
1.053449e+003,9.723396e+000
1.054413e+003,9.538181e+000
1.055377e+003,1.023078e+001
1.056341e+003,1.180011e+001
1.057306e+003,1.427845e+001
1.058270e+003,1.701591e+001
1.059234e+003,1.842494e+001
1.060198e+003,1.803992e+001
1.061162e+003,1.660097e+001
1.062127e+003,1.546357e+001
1.063091e+003,1.479112e+001
1.064055e+003,1.456115e+001
1.065019e+003,1.483452e+001
1.065984e+003,1.546224e+001
1.066948e+003,1.599044e+001
1.067912e+003,1.618346e+001
1.068876e+003,1.613001e+001
1.069841e+003,1.603268e+001
1.070805e+003,1.591171e+001
1.071769e+003,1.570143e+001
1.072733e+003,1.549569e+001
1.073698e+003,1.549795e+001
1.074662e+003,1.569343e+001
1.075626e+003,1.592052e+001
1.076590e+003,1.593090e+001
1.077554e+003,1.574047e+001
1.078519e+003,1.568471e+001
1.079483e+003,1.589053e+001
1.080447e+003,1.599555e+001
1.081411e+003,1.563755e+001
1.082376e+003,1.508330e+001
1.083340e+003,1.498716e+001
1.084304e+003,1.554041e+001
1.085268e+003,1.636070e+001
1.086233e+003,1.688617e+001
1.087197e+003,1.717739e+001
1.088161e+003,1.774964e+001
1.089125e+003,1.858554e+001
1.090089e+003,1.918134e+001
1.091054e+003,1.931570e+001
1.092018e+003,1.988820e+001
1.092982e+003,2.174108e+001
1.093946e+003,2.471173e+001
1.094911e+003,2.835569e+001
1.095875e+003,3.265665e+001
1.096839e+003,3.749152e+001
1.097803e+003,4.226773e+001
1.098768e+003,4.600427e+001
1.099732e+003,4.805421e+001
1.100696e+003,4.873978e+001
1.101660e+003,4.849784e+001
1.102625e+003,4.720115e+001
1.103589e+003,4.438140e+001
1.104553e+003,4.025058e+001
1.105517e+003,3.611481e+001
1.106481e+003,3.282555e+001
1.107446e+003,3.039929e+001
1.108410e+003,2.885394e+001
1.109374e+003,2.837382e+001
1.110338e+003,2.853058e+001
1.111303e+003,2.877175e+001
1.112267e+003,2.896224e+001
1.113231e+003,2.985484e+001
1.114195e+003,3.211230e+001
1.115160e+003,3.579348e+001
1.116124e+003,4.067646e+001
1.117088e+003,4.564131e+001
1.118052e+003,4.958451e+001
1.119016e+003,5.199870e+001
1.119981e+003,5.321420e+001
1.120945e+003,5.341922e+001
1.121909e+003,5.248843e+001
1.122873e+003,5.020881e+001
1.123838e+003,4.619218e+001
1.124802e+003,4.067028e+001
1.125766e+003,3.474258e+001
1.126730e+003,2.992290e+001
1.127695e+003,2.674694e+001
1.128659e+003,2.489332e+001
1.129623e+003,2.376407e+001
1.130587e+003,2.259166e+001
1.131552e+003,2.114632e+001
1.132516e+003,1.978907e+001
1.133480e+003,1.922121e+001
1.134444e+003,1.950505e+001
1.135408e+003,2.006727e+001
1.136373e+003,2.026416e+001
1.137337e+003,2.011052e+001
1.138301e+003,2.005541e+001
1.139265e+003,2.062087e+001
1.140230e+003,2.222715e+001
1.141194e+003,2.485325e+001
1.142158e+003,2.787517e+001
1.143122e+003,3.072308e+001
1.144087e+003,3.346165e+001
1.145051e+003,3.643861e+001
1.146015e+003,3.959575e+001
1.146979e+003,4.346553e+001
1.147943e+003,4.843634e+001
1.148908e+003,5.367566e+001
1.149872e+003,5.810903e+001
1.150836e+003,6.147077e+001
1.151800e+003,6.361620e+001
1.152765e+003,6.423569e+001
1.153729e+003,6.339495e+001
1.154693e+003,6.133006e+001
1.155657e+003,5.785990e+001
1.156622e+003,5.259329e+001
1.157586e+003,4.568067e+001
1.158550e+003,3.843414e+001
1.159514e+003,3.198401e+001
1.160479e+003,2.725543e+001
1.161443e+003,2.406588e+001
1.162407e+003,2.164162e+001
1.163371e+003,1.983989e+001
1.164335e+003,1.867647e+001
1.165300e+003,1.784082e+001
1.166264e+003,1.708216e+001
1.167228e+003,1.668111e+001
1.168192e+003,1.686506e+001
1.169157e+003,1.730296e+001
1.170121e+003,1.743549e+001
1.171085e+003,1.741506e+001
1.172049e+003,1.812415e+001
1.173014e+003,1.972880e+001
1.173978e+003,2.159353e+001
1.174942e+003,2.318718e+001
1.175906e+003,2.458495e+001
1.176870e+003,2.607313e+001
1.177835e+003,2.747595e+001
1.178799e+003,2.882387e+001
1.179763e+003,3.039012e+001
1.180727e+003,3.269642e+001
1.181692e+003,3.615610e+001
1.182656e+003,4.079980e+001
1.183620e+003,4.659570e+001
1.184584e+003,5.349998e+001
1.185549e+003,6.206765e+001
1.186513e+003,7.253584e+001
1.187477e+003,8.438854e+001
1.188441e+003,9.685707e+001
1.189406e+003,1.091969e+002
1.190370e+003,1.206067e+002
1.191334e+003,1.304340e+002
1.192298e+003,1.382229e+002
1.193262e+003,1.434877e+002
1.194227e+003,1.458248e+002
1.195191e+003,1.448433e+002
1.196155e+003,1.405241e+002
1.197119e+003,1.332381e+002
1.198084e+003,1.236248e+002
1.199048e+003,1.127863e+002
1.200012e+003,1.012784e+002
1.200976e+003,8.974768e+001
1.201941e+003,7.901706e+001
1.202905e+003,6.973444e+001
1.203869e+003,6.208727e+001
1.204833e+003,5.612259e+001
1.205797e+003,5.152759e+001
1.206762e+003,4.792320e+001
1.207726e+003,4.491373e+001
1.208690e+003,4.214462e+001
1.209654e+003,3.950146e+001
1.210619e+003,3.709444e+001
1.211583e+003,3.500428e+001
1.212547e+003,3.298223e+001
1.213511e+003,3.081743e+001
1.214476e+003,2.899325e+001
1.215440e+003,2.843824e+001
1.216404e+003,2.946006e+001
1.217368e+003,3.125243e+001
1.218333e+003,3.312649e+001
1.219297e+003,3.478534e+001
1.220261e+003,3.633196e+001
1.221225e+003,3.791364e+001
1.222189e+003,3.969533e+001
1.223154e+003,4.172816e+001
1.224118e+003,4.390379e+001
1.225082e+003,4.585148e+001
1.226046e+003,4.786906e+001
1.227011e+003,5.103132e+001
1.227975e+003,5.556389e+001
1.228939e+003,6.090456e+001
1.229903e+003,6.600748e+001
1.230868e+003,7.008545e+001
1.231832e+003,7.309159e+001
1.232796e+003,7.574963e+001
1.233760e+003,7.875925e+001
1.234724e+003,8.219505e+001
1.235689e+003,8.570650e+001
1.236653e+003,8.886996e+001
1.237617e+003,9.151405e+001
1.238581e+003,9.388669e+001
1.239546e+003,9.670834e+001
1.240510e+003,1.001052e+002
1.241474e+003,1.030869e+002
1.242438e+003,1.053703e+002
1.243403e+003,1.071940e+002
1.244367e+003,1.084664e+002
1.245331e+003,1.089791e+002
1.246295e+003,1.096337e+002
1.247260e+003,1.115299e+002
1.248224e+003,1.145839e+002
1.249188e+003,1.180991e+002
1.250152e+003,1.217574e+002
1.251116e+003,1.255480e+002
1.252081e+003,1.292461e+002
1.253045e+003,1.327735e+002
1.254009e+003,1.363204e+002
1.254973e+003,1.399980e+002
1.255938e+003,1.437436e+002
1.256902e+003,1.468654e+002
1.257866e+003,1.487892e+002
1.258830e+003,1.497271e+002
1.259795e+003,1.507338e+002
1.260759e+003,1.524984e+002
1.261723e+003,1.544483e+002
1.262687e+003,1.557910e+002
1.263651e+003,1.562865e+002
1.264616e+003,1.557293e+002
1.265580e+003,1.541854e+002
1.266544e+003,1.524420e+002
1.267508e+003,1.512961e+002
1.268473e+003,1.507645e+002
1.269437e+003,1.506406e+002
1.270401e+003,1.513272e+002
1.271365e+003,1.536722e+002
1.272330e+003,1.582074e+002
1.273294e+003,1.655424e+002
1.274258e+003,1.755196e+002
1.275222e+003,1.880916e+002
1.276187e+003,2.031386e+002
1.277151e+003,2.198599e+002
1.278115e+003,2.362893e+002
1.279079e+003,2.510774e+002
1.280043e+003,2.629655e+002
1.281008e+003,2.708220e+002
1.281972e+003,2.735734e+002
1.282936e+003,2.708191e+002
1.283900e+003,2.627863e+002
1.284865e+003,2.493244e+002
1.285829e+003,2.311356e+002
1.286793e+003,2.103147e+002
1.287757e+003,1.890100e+002
1.288722e+003,1.693330e+002
1.289686e+003,1.525258e+002
1.290650e+003,1.383735e+002
1.291614e+003,1.258478e+002
1.292578e+003,1.147241e+002
1.293543e+003,1.051001e+002
1.294507e+003,9.731082e+001
1.295471e+003,9.133797e+001
1.296435e+003,8.697539e+001
1.297400e+003,8.337064e+001
1.298364e+003,7.946156e+001
1.299328e+003,7.556828e+001
1.300292e+003,7.301517e+001
1.301257e+003,7.221216e+001
1.302221e+003,7.261731e+001
1.303185e+003,7.362480e+001
1.304149e+003,7.451042e+001
1.305114e+003,7.483310e+001
1.306078e+003,7.472495e+001
1.307042e+003,7.456422e+001
1.308006e+003,7.438854e+001
1.308970e+003,7.409489e+001
1.309935e+003,7.386480e+001
1.310899e+003,7.342299e+001
1.311863e+003,7.254354e+001
1.312827e+003,7.180043e+001
1.313792e+003,7.236227e+001
1.314756e+003,7.459970e+001
1.315720e+003,7.893140e+001
1.316684e+003,8.551285e+001
1.317649e+003,9.443376e+001
1.318613e+003,1.054892e+002
1.319577e+003,1.179460e+002
1.320541e+003,1.308259e+002
1.321505e+003,1.429740e+002
1.322470e+003,1.529550e+002
1.323434e+003,1.594828e+002
1.324398e+003,1.611582e+002
1.325362e+003,1.572045e+002
1.326327e+003,1.483503e+002
1.327291e+003,1.358318e+002
1.328255e+003,1.209437e+002
1.329219e+003,1.053884e+002
1.330184e+003,9.045967e+001
1.331148e+003,7.725002e+001
1.332112e+003,6.645541e+001
1.333076e+003,5.846016e+001
1.334041e+003,5.332523e+001
1.335005e+003,5.046371e+001
1.335969e+003,4.877148e+001
1.336933e+003,4.747347e+001
1.337897e+003,4.601305e+001
1.338862e+003,4.416569e+001
1.339826e+003,4.229979e+001
1.340790e+003,4.073254e+001
1.341754e+003,3.940881e+001
1.342719e+003,3.806527e+001
1.343683e+003,3.682389e+001
1.344647e+003,3.613364e+001
1.345611e+003,3.649731e+001
1.346576e+003,3.796061e+001
1.347540e+003,4.033672e+001
1.348504e+003,4.343892e+001
1.349468e+003,4.707906e+001
1.350432e+003,5.113393e+001
1.351397e+003,5.533167e+001
1.352361e+003,5.931806e+001
1.353325e+003,6.263623e+001
1.354289e+003,6.495894e+001
1.355254e+003,6.600433e+001
1.356218e+003,6.579007e+001
1.357182e+003,6.517168e+001
1.358146e+003,6.511548e+001
1.359111e+003,6.585843e+001
1.360075e+003,6.702252e+001
1.361039e+003,6.850080e+001
1.362003e+003,7.061831e+001
1.362968e+003,7.344730e+001
1.363932e+003,7.649977e+001
1.364896e+003,7.916806e+001
1.365860e+003,8.117275e+001
1.366824e+003,8.254880e+001
1.367789e+003,8.334825e+001
1.368753e+003,8.337632e+001
1.369717e+003,8.263297e+001
1.370681e+003,8.177215e+001
1.371646e+003,8.122651e+001
1.372610e+003,8.134053e+001
1.373574e+003,8.253109e+001
1.374538e+003,8.463029e+001
1.375503e+003,8.702753e+001
1.376467e+003,8.900191e+001
1.377431e+003,9.006932e+001
1.378395e+003,9.001068e+001
1.379359e+003,8.871523e+001
1.380324e+003,8.613705e+001
1.381288e+003,8.204556e+001
1.382252e+003,7.636721e+001
1.383216e+003,6.964660e+001
1.384181e+003,6.273417e+001
1.385145e+003,5.636207e+001
1.386109e+003,5.155806e+001
1.387073e+003,4.902427e+001
1.388038e+003,4.797178e+001
1.389002e+003,4.749207e+001
1.389966e+003,4.742351e+001
1.390930e+003,4.793237e+001
1.391895e+003,4.896715e+001
1.392859e+003,5.067511e+001
1.393823e+003,5.320470e+001
1.394787e+003,5.620515e+001
1.395751e+003,5.931390e+001
1.396716e+003,6.309045e+001
1.397680e+003,6.876588e+001
1.398644e+003,7.649197e+001
1.399608e+003,8.560153e+001
1.400573e+003,9.538904e+001
1.401537e+003,1.050827e+002
1.402501e+003,1.143149e+002
1.403465e+003,1.227343e+002
1.404430e+003,1.300866e+002
1.405394e+003,1.358816e+002
1.406358e+003,1.397086e+002
1.407322e+003,1.411232e+002
1.408286e+003,1.399915e+002
1.409251e+003,1.369042e+002
1.410215e+003,1.332627e+002
1.411179e+003,1.300165e+002
1.412143e+003,1.265566e+002
1.413108e+003,1.223399e+002
1.414072e+003,1.177323e+002
1.415036e+003,1.134053e+002
1.416000e+003,1.096028e+002
1.416965e+003,1.061261e+002
1.417929e+003,1.028593e+002
1.418893e+003,9.990897e+001
1.419857e+003,9.746812e+001
1.420822e+003,9.577161e+001
1.421786e+003,9.502556e+001
1.422750e+003,9.528165e+001
1.423714e+003,9.656883e+001
1.424678e+003,9.893021e+001
1.425643e+003,1.024461e+002
1.426607e+003,1.071142e+002
1.427571e+003,1.120900e+002
1.428535e+003,1.161959e+002
1.429500e+003,1.200452e+002
1.430464e+003,1.243181e+002
1.431428e+003,1.291816e+002
1.432392e+003,1.344513e+002
1.433357e+003,1.397352e+002
1.434321e+003,1.449771e+002
1.435285e+003,1.499494e+002
1.436249e+003,1.541049e+002
1.437214e+003,1.567797e+002
1.438178e+003,1.581241e+002
1.439142e+003,1.586864e+002
1.440106e+003,1.575226e+002
1.441070e+003,1.527978e+002
1.442035e+003,1.443950e+002
1.442999e+003,1.349183e+002
1.443963e+003,1.255509e+002
1.444927e+003,1.164038e+002
1.445892e+003,1.075196e+002
1.446856e+003,9.906392e+001
1.447820e+003,9.095152e+001
1.448784e+003,8.328787e+001
1.449749e+003,7.633902e+001
1.450713e+003,7.057013e+001
1.451677e+003,6.682887e+001
1.452641e+003,6.550018e+001
1.453605e+003,6.445154e+001
1.454570e+003,6.232135e+001
1.455534e+003,6.005069e+001
1.456498e+003,5.915419e+001
1.457462e+003,5.959652e+001
1.458427e+003,6.063783e+001
1.459391e+003,6.152219e+001
1.460355e+003,6.120837e+001
1.461319e+003,5.940102e+001
1.462284e+003,5.754465e+001
1.463248e+003,5.704271e+001
1.464212e+003,5.761442e+001
1.465176e+003,5.876303e+001
1.466141e+003,5.984710e+001
1.467105e+003,5.952152e+001
1.468069e+003,5.793421e+001
1.469033e+003,5.617259e+001
1.469997e+003,5.466129e+001
1.470962e+003,5.328031e+001
1.471926e+003,5.185310e+001
1.472890e+003,4.997821e+001
1.473854e+003,4.723193e+001
1.474819e+003,4.424754e+001
1.475783e+003,4.211518e+001
1.476747e+003,4.100886e+001
1.477711e+003,3.986025e+001
1.478676e+003,3.837157e+001
1.479640e+003,3.645968e+001
1.480604e+003,3.427456e+001
1.481568e+003,3.251777e+001
1.482532e+003,3.206290e+001
1.483497e+003,3.299494e+001
1.484461e+003,3.508913e+001
1.485425e+003,3.797724e+001
1.486389e+003,4.102327e+001
1.487354e+003,4.394276e+001
1.488318e+003,4.711286e+001
1.489282e+003,5.055972e+001
1.490246e+003,5.382571e+001
1.491211e+003,5.642591e+001
1.492175e+003,5.814258e+001
1.493139e+003,5.902517e+001
1.494103e+003,5.898501e+001
1.495068e+003,5.794328e+001
1.496032e+003,5.597174e+001
1.496996e+003,5.305371e+001
1.497960e+003,4.935757e+001
1.498924e+003,4.545876e+001
1.499889e+003,4.182945e+001
1.500853e+003,3.869665e+001
1.501817e+003,3.630200e+001
1.502781e+003,3.449022e+001
1.503746e+003,3.268455e+001
1.504710e+003,3.118407e+001
1.505674e+003,3.089755e+001
1.506638e+003,3.206438e+001
1.507603e+003,3.316435e+001
1.508567e+003,3.309428e+001
1.509531e+003,3.241090e+001
1.510495e+003,3.180836e+001
1.511459e+003,3.139704e+001
1.512424e+003,3.110624e+001
1.513388e+003,3.098774e+001
1.514352e+003,3.126264e+001
1.515316e+003,3.182005e+001
1.516281e+003,3.214610e+001
1.517245e+003,3.196598e+001
1.518209e+003,3.231573e+001
1.519173e+003,3.390042e+001
1.520138e+003,3.604084e+001
1.521102e+003,3.747688e+001
1.522066e+003,3.826693e+001
1.523030e+003,3.936303e+001
1.523995e+003,4.059081e+001
1.524959e+003,4.108502e+001
1.525923e+003,4.055507e+001
1.526887e+003,3.973366e+001
1.527852e+003,3.938451e+001
1.528816e+003,3.887650e+001
1.529780e+003,3.770614e+001
1.530744e+003,3.600615e+001
1.531708e+003,3.424203e+001
1.532673e+003,3.269944e+001
1.533637e+003,3.171490e+001
1.534601e+003,3.135656e+001
1.535565e+003,3.149284e+001
1.536530e+003,3.198635e+001
1.537494e+003,3.255553e+001
1.538458e+003,3.293909e+001
1.539422e+003,3.364148e+001
1.540386e+003,3.520808e+001
1.541351e+003,3.740411e+001
1.542315e+003,3.922901e+001
1.543279e+003,4.054051e+001
1.544243e+003,4.164193e+001
1.545208e+003,4.261798e+001
1.546172e+003,4.339894e+001
1.547136e+003,4.387095e+001
1.548100e+003,4.393941e+001
1.549065e+003,4.353534e+001
1.550029e+003,4.302276e+001
1.550993e+003,4.298944e+001
1.551957e+003,4.365593e+001
1.552922e+003,4.528522e+001
1.553886e+003,4.764004e+001
1.554850e+003,5.002956e+001
1.555814e+003,5.216056e+001
1.556779e+003,5.450434e+001
1.557743e+003,5.743204e+001
1.558707e+003,6.055737e+001
1.559671e+003,6.358498e+001
1.560635e+003,6.617203e+001
1.561600e+003,6.824652e+001
1.562564e+003,7.038898e+001
1.563528e+003,7.383995e+001
1.564492e+003,7.898530e+001
1.565457e+003,8.549431e+001
1.566421e+003,9.340407e+001
1.567385e+003,1.038257e+002
1.568349e+003,1.174217e+002
1.569313e+003,1.350325e+002
1.570278e+003,1.570244e+002
1.571242e+003,1.825153e+002
1.572206e+003,2.098006e+002
1.573170e+003,2.372534e+002
1.574135e+003,2.632208e+002
1.575099e+003,2.860059e+002
1.576063e+003,3.044324e+002
1.577027e+003,3.176831e+002
1.577992e+003,3.249951e+002
1.578956e+003,3.261003e+002
1.579920e+003,3.215367e+002
1.580884e+003,3.129084e+002
1.581849e+003,3.018284e+002
1.582813e+003,2.903328e+002
1.583777e+003,2.798050e+002
1.584741e+003,2.710814e+002
1.585706e+003,2.652674e+002
1.586670e+003,2.636936e+002
1.587634e+003,2.669638e+002
1.588598e+003,2.744507e+002
1.589563e+003,2.853179e+002
1.590527e+003,2.990624e+002
1.591491e+003,3.146889e+002
1.592455e+003,3.326280e+002
1.593419e+003,3.529877e+002
1.594384e+003,3.742144e+002
1.595348e+003,3.945775e+002
1.596312e+003,4.131655e+002
1.597276e+003,4.304175e+002
1.598240e+003,4.452888e+002
1.599205e+003,4.554572e+002
1.600169e+003,4.592814e+002
1.601133e+003,4.563795e+002
1.602097e+003,4.470145e+002
1.603062e+003,4.301394e+002
1.604026e+003,4.054866e+002
1.604990e+003,3.744533e+002
1.605954e+003,3.409064e+002
1.606919e+003,3.065322e+002
1.607883e+003,2.708933e+002
1.608847e+003,2.352305e+002
1.609811e+003,2.025798e+002
1.610776e+003,1.754686e+002
1.611740e+003,1.534949e+002
1.612704e+003,1.356817e+002
1.613668e+003,1.217334e+002
1.614633e+003,1.119777e+002
1.615597e+003,1.067508e+002
1.616561e+003,1.052319e+002
1.617525e+003,1.074514e+002
1.618490e+003,1.136554e+002
1.619454e+003,1.233991e+002
1.620418e+003,1.351771e+002
1.621382e+003,1.476732e+002
1.622346e+003,1.609173e+002
1.623311e+003,1.744781e+002
1.624275e+003,1.868300e+002
1.625239e+003,1.964883e+002
1.626203e+003,2.017035e+002
1.627167e+003,2.008635e+002
1.628132e+003,1.941029e+002
1.629096e+003,1.829225e+002
1.630060e+003,1.687903e+002
1.631024e+003,1.530040e+002
1.631989e+003,1.366245e+002
1.632953e+003,1.203257e+002
1.633917e+003,1.048048e+002
1.634881e+003,9.104630e+001
1.635846e+003,7.997160e+001
1.636810e+003,7.131762e+001
1.637774e+003,6.434464e+001
1.638738e+003,5.870173e+001
1.639703e+003,5.396366e+001
1.640667e+003,4.973331e+001
1.641631e+003,4.578797e+001
1.642595e+003,4.210873e+001
1.643560e+003,3.894032e+001
1.644524e+003,3.649851e+001
1.645488e+003,3.470155e+001
1.646452e+003,3.335192e+001
1.647417e+003,3.221424e+001
1.648381e+003,3.120406e+001
1.649345e+003,3.049597e+001
1.650309e+003,3.040236e+001
1.651273e+003,3.051419e+001
1.652238e+003,3.044953e+001
1.653202e+003,3.028485e+001
1.654166e+003,3.013657e+001
1.655130e+003,2.992007e+001
1.656094e+003,2.960742e+001
1.657059e+003,2.906053e+001
1.658023e+003,2.792324e+001
1.658987e+003,2.598709e+001
1.659951e+003,2.398710e+001
1.660916e+003,2.236182e+001
1.661880e+003,2.138177e+001
1.662844e+003,2.135312e+001
1.663808e+003,2.211693e+001
1.664773e+003,2.273560e+001
1.665737e+003,2.313660e+001
1.666701e+003,2.385067e+001
1.667665e+003,2.510514e+001
1.668630e+003,2.659371e+001
1.669594e+003,2.782402e+001
1.670558e+003,2.794684e+001
1.671522e+003,2.657679e+001
1.672487e+003,2.434506e+001
1.673451e+003,2.257344e+001
1.674415e+003,2.120136e+001
1.675379e+003,1.989211e+001
1.676344e+003,1.866783e+001
1.677308e+003,1.754438e+001
1.678272e+003,1.657951e+001
1.679236e+003,1.601570e+001
1.680200e+003,1.602988e+001
1.681165e+003,1.670677e+001
1.682129e+003,1.790696e+001
1.683093e+003,1.912876e+001
1.684057e+003,1.984735e+001
1.685021e+003,1.997042e+001
1.685986e+003,1.976972e+001
1.686950e+003,1.970363e+001
1.687914e+003,1.998952e+001
1.688878e+003,2.029790e+001
1.689843e+003,2.035058e+001
1.690807e+003,2.024267e+001
1.691771e+003,2.012189e+001
1.692735e+003,2.006252e+001
1.693700e+003,2.021889e+001
1.694664e+003,2.047129e+001
1.695628e+003,2.029931e+001
1.696592e+003,1.938026e+001
1.697557e+003,1.797390e+001
1.698521e+003,1.626754e+001
1.699485e+003,1.504752e+001
1.700449e+003,1.504870e+001
1.701414e+003,1.594751e+001
1.702378e+003,1.647158e+001
1.703342e+003,1.661668e+001
1.704306e+003,1.713002e+001
1.705271e+003,1.784034e+001
1.706235e+003,1.821832e+001
1.707199e+003,1.809809e+001
1.708163e+003,1.755613e+001
1.709127e+003,1.661915e+001
1.710092e+003,1.567451e+001
1.711056e+003,1.515883e+001
1.712020e+003,1.481575e+001
1.712984e+003,1.455205e+001
1.713948e+003,1.456690e+001
1.714913e+003,1.466212e+001
1.715877e+003,1.460782e+001
1.716841e+003,1.474567e+001
1.717805e+003,1.506065e+001
1.718770e+003,1.490985e+001
1.719734e+003,1.418519e+001
1.720698e+003,1.330121e+001
1.721662e+003,1.284749e+001
1.722627e+003,1.333093e+001
1.723591e+003,1.467112e+001
1.724555e+003,1.619832e+001
1.725519e+003,1.716784e+001
1.726484e+003,1.726397e+001
1.727448e+003,1.677132e+001
1.728412e+003,1.658427e+001
1.729376e+003,1.705622e+001
1.730341e+003,1.765356e+001
1.731305e+003,1.763368e+001
1.732269e+003,1.696972e+001
1.733233e+003,1.590277e+001
1.734198e+003,1.491306e+001
1.735162e+003,1.469851e+001
1.736126e+003,1.554698e+001
1.737090e+003,1.667900e+001
1.738054e+003,1.749297e+001
1.739019e+003,1.788177e+001
1.739983e+003,1.780989e+001
1.740947e+003,1.742297e+001
1.741911e+003,1.755939e+001
1.742875e+003,1.830574e+001
1.743840e+003,1.901788e+001
1.744804e+003,1.917847e+001
1.745768e+003,1.883339e+001
1.746732e+003,1.836946e+001
1.747697e+003,1.828918e+001
1.748661e+003,1.872592e+001
1.749625e+003,1.941876e+001
1.750589e+003,1.988177e+001
1.751554e+003,1.973699e+001
1.752518e+003,1.920612e+001
1.753482e+003,1.884993e+001
1.754446e+003,1.874843e+001
1.755411e+003,1.850742e+001
1.756375e+003,1.822889e+001
1.757339e+003,1.819702e+001
1.758303e+003,1.841063e+001
1.759268e+003,1.868819e+001
1.760232e+003,1.921121e+001
1.761196e+003,1.990116e+001
1.762160e+003,2.051976e+001
1.763125e+003,2.096384e+001
1.764089e+003,2.106502e+001
1.765053e+003,2.066170e+001
1.766017e+003,2.022326e+001
1.766981e+003,2.021606e+001
1.767946e+003,2.042295e+001
1.768910e+003,2.022434e+001
1.769874e+003,1.958075e+001
1.770838e+003,1.885866e+001
1.771802e+003,1.818086e+001
1.772767e+003,1.740651e+001
1.773731e+003,1.665478e+001
1.774695e+003,1.609237e+001
1.775659e+003,1.547224e+001
1.776624e+003,1.472253e+001
1.777588e+003,1.418920e+001
1.778552e+003,1.421565e+001
1.779516e+003,1.479685e+001
1.780481e+003,1.594574e+001
1.781445e+003,1.732695e+001
1.782409e+003,1.827051e+001
1.783373e+003,1.846685e+001
1.784338e+003,1.838070e+001
1.785302e+003,1.832709e+001
1.786266e+003,1.838559e+001
1.787230e+003,1.855334e+001
1.788195e+003,1.832922e+001
1.789159e+003,1.724539e+001
1.790123e+003,1.565674e+001
1.791087e+003,1.428320e+001
1.792052e+003,1.367473e+001
1.793016e+003,1.397353e+001
1.793980e+003,1.480895e+001
1.794944e+003,1.563408e+001
1.795908e+003,1.624335e+001
1.796873e+003,1.701018e+001
1.797837e+003,1.809151e+001
1.798801e+003,1.907226e+001
1.799765e+003,1.981378e+001
1.800729e+003,2.032116e+001
1.801694e+003,2.031707e+001
1.802658e+003,1.966015e+001
1.803622e+003,1.864244e+001
1.804586e+003,1.767806e+001
1.805551e+003,1.716518e+001
1.806515e+003,1.726508e+001
1.807479e+003,1.765564e+001
1.808443e+003,1.807291e+001
1.809408e+003,1.838166e+001
1.810372e+003,1.832285e+001
1.811336e+003,1.730765e+001
1.812300e+003,1.590575e+001
1.813265e+003,1.493782e+001
1.814229e+003,1.469960e+001
1.815193e+003,1.500913e+001
1.816157e+003,1.542196e+001
1.817122e+003,1.587184e+001
1.818086e+003,1.631859e+001
1.819050e+003,1.660131e+001
1.820014e+003,1.673858e+001
1.820979e+003,1.690587e+001
1.821943e+003,1.702135e+001
1.822907e+003,1.708460e+001
1.823871e+003,1.700516e+001
1.824835e+003,1.671972e+001
1.825800e+003,1.694378e+001
1.826764e+003,1.746571e+001
1.827728e+003,1.792764e+001
1.828692e+003,1.832648e+001
1.829656e+003,1.854470e+001
1.830621e+003,1.862227e+001
1.831585e+003,1.862444e+001
1.832549e+003,1.825846e+001
1.833513e+003,1.733078e+001
1.834478e+003,1.651516e+001
1.835442e+003,1.666480e+001
1.836406e+003,1.770656e+001
1.837370e+003,1.901590e+001
1.838335e+003,2.015892e+001
1.839299e+003,2.119067e+001
1.840263e+003,2.181774e+001
1.841227e+003,2.183507e+001
1.842192e+003,2.144291e+001
1.843156e+003,2.106413e+001
1.844120e+003,2.096080e+001
1.845084e+003,2.077427e+001
1.846049e+003,2.000671e+001
1.847013e+003,1.890377e+001
1.847977e+003,1.848045e+001
1.848941e+003,1.896474e+001
1.849906e+003,1.967045e+001
1.850870e+003,2.013772e+001
1.851834e+003,2.042020e+001
1.852798e+003,2.077732e+001
1.853762e+003,2.110516e+001
1.854727e+003,2.108805e+001
1.855691e+003,2.074032e+001
1.856655e+003,2.047379e+001
1.857619e+003,2.066773e+001
1.858583e+003,2.091027e+001
1.859548e+003,2.071278e+001
1.860512e+003,2.029434e+001
1.861476e+003,2.019350e+001
1.862440e+003,2.034705e+001
1.863405e+003,2.041107e+001
1.864369e+003,2.028649e+001
1.865333e+003,2.040266e+001
1.866297e+003,2.125469e+001
1.867262e+003,2.225546e+001
1.868226e+003,2.285065e+001
1.869190e+003,2.295053e+001
1.870154e+003,2.280527e+001
1.871119e+003,2.292372e+001
1.872083e+003,2.310332e+001
1.873047e+003,2.280960e+001
1.874011e+003,2.230285e+001
1.874976e+003,2.182356e+001
1.875940e+003,2.096858e+001
1.876904e+003,1.980662e+001
1.877868e+003,1.905164e+001
1.878833e+003,1.914857e+001
1.879797e+003,1.984424e+001
1.880761e+003,2.029237e+001
1.881725e+003,2.030115e+001
1.882689e+003,2.020728e+001
1.883654e+003,2.069852e+001
1.884618e+003,2.222197e+001
1.885582e+003,2.403519e+001
1.886546e+003,2.544565e+001
1.887510e+003,2.663353e+001
1.888475e+003,2.764761e+001
1.889439e+003,2.796317e+001
1.890403e+003,2.771562e+001
1.891367e+003,2.722536e+001
1.892332e+003,2.651578e+001
1.893296e+003,2.551045e+001
1.894260e+003,2.404215e+001
1.895224e+003,2.267214e+001
1.896189e+003,2.213575e+001
1.897153e+003,2.249152e+001
1.898117e+003,2.308184e+001
1.899081e+003,2.310294e+001
1.900046e+003,2.261933e+001
1.901010e+003,2.232200e+001
1.901974e+003,2.234738e+001
1.902938e+003,2.221237e+001
1.903903e+003,2.195959e+001
1.904867e+003,2.172658e+001
1.905831e+003,2.130497e+001
1.906795e+003,2.075649e+001
1.907760e+003,2.059848e+001
1.908724e+003,2.146911e+001
1.909688e+003,2.306806e+001
1.910652e+003,2.483286e+001
1.911616e+003,2.652520e+001
1.912581e+003,2.789330e+001
1.913545e+003,2.829631e+001
1.914509e+003,2.804659e+001
1.915473e+003,2.780518e+001
1.916438e+003,2.791930e+001
1.917402e+003,2.812377e+001
1.918366e+003,2.816502e+001
1.919330e+003,2.776237e+001
1.920294e+003,2.706958e+001
1.921259e+003,2.663187e+001
1.922223e+003,2.658488e+001
1.923187e+003,2.669671e+001
1.924151e+003,2.688109e+001
1.925116e+003,2.702459e+001
1.926080e+003,2.677380e+001
1.927044e+003,2.572248e+001
1.928008e+003,2.437769e+001
1.928973e+003,2.335472e+001
1.929937e+003,2.263572e+001
1.930901e+003,2.199372e+001
1.931865e+003,2.160309e+001
1.932830e+003,2.138999e+001
1.933794e+003,2.147433e+001
1.934758e+003,2.206782e+001
1.935722e+003,2.280654e+001
1.936687e+003,2.343246e+001
1.937651e+003,2.408407e+001
1.938615e+003,2.484402e+001
1.939579e+003,2.586512e+001
1.940543e+003,2.700204e+001
1.941508e+003,2.748988e+001
1.942472e+003,2.703980e+001
1.943436e+003,2.645627e+001
1.944400e+003,2.651652e+001
1.945365e+003,2.673949e+001
1.946329e+003,2.669164e+001
1.947293e+003,2.639128e+001
1.948257e+003,2.583766e+001
1.949221e+003,2.491488e+001
1.950186e+003,2.400931e+001
1.951150e+003,2.352479e+001
1.952114e+003,2.361558e+001
1.953078e+003,2.416512e+001
1.954043e+003,2.461392e+001
1.955007e+003,2.470413e+001
1.955971e+003,2.505735e+001
1.956935e+003,2.630725e+001
1.957900e+003,2.801667e+001
1.958864e+003,2.906200e+001
1.959828e+003,2.933018e+001
1.960792e+003,2.919934e+001
1.961757e+003,2.900121e+001
1.962721e+003,2.860438e+001
1.963685e+003,2.771645e+001
1.964649e+003,2.677131e+001
1.965614e+003,2.643142e+001
1.966578e+003,2.654426e+001
1.967542e+003,2.645102e+001
1.968506e+003,2.618441e+001
1.969470e+003,2.579378e+001
1.970435e+003,2.531765e+001
1.971399e+003,2.503254e+001
1.972363e+003,2.490698e+001
1.973327e+003,2.495288e+001
1.974292e+003,2.524448e+001
1.975256e+003,2.552848e+001
1.976220e+003,2.546847e+001
1.977184e+003,2.529132e+001
1.978148e+003,2.573389e+001
1.979113e+003,2.690483e+001
1.980077e+003,2.805738e+001
1.981041e+003,2.857787e+001
1.982005e+003,2.865639e+001
1.982970e+003,2.856355e+001
1.983934e+003,2.860347e+001
1.984898e+003,2.887147e+001
1.985862e+003,2.917860e+001
1.986827e+003,2.940805e+001
1.987791e+003,2.941155e+001
1.988755e+003,2.907626e+001
1.989719e+003,2.861049e+001
1.990684e+003,2.862593e+001
1.991648e+003,2.926960e+001
1.992612e+003,2.994271e+001
1.993576e+003,2.929602e+001
1.994541e+003,3.057396e+001
1.995505e+003,3.174240e+001
1.996469e+003,3.348752e+001
1.997433e+003,3.199022e+001
1.998397e+003,2.635137e+001
1.999362e+003,2.291282e+001
